l,,,,,,,,,,,,,,,,,,,,,,,,,,,,,,,,,,,,,,,,,,,,,,,,,,,,,,,,,,,,,,,,,,,,,,,,,,,,,,,,,,,,,,,,,,,,,,,
0,,,,,,,,,,,,,,,,,,,,,,,,,,,,,,,,,,,,,,,,,,,,,,,,,,,,,,,,,,,,,,,,,,,,,,,,,,,,,,,,,,,,,,,,,,,,,,,
,,,,,,,,,,,,,,,,,,,,,,,,,,,,,,,,,,,,,,,,,,,,,,,,,,,,,,,,,,,,,,,,,,,,,,,,,,,,,,,,,,,,,,,,,,,,,,,
,,8:00 a.m.,,,,,,,,,9:30 a.m.,,,,,,,,,11:00 a.m.,,,,,,,,,12:30 p.m.,,,,,,,,,2:00 p.m.,,,,,,,,,3:30 p.m.,,,,,,,,,5:00 p.m.,,,,,,,,,6:30 p.m.,,,7:00 p.m.,,,,,,8:00 p.m.,,,,,,7:00 p.m.,,,,,,8:00 p.m.,,,,,,,,,8:00 p.m.
Monday                 ,CS-1,Machine Learning (MS-DS),,,,,,,,,Advanced Programming (CS),,,,,,,,,Computational Intelligence (MS),,,,,,,,,Data Sceince (MS),,,,,,,,,,,,,,,,,,,,,,,,,,,,,,,,,,,,,,,,,,,,,,,,,,,,,,,,,,,,,,,,,,
,CS-2,No Class (NO),,,,,,,,,No Class (NO),,,,,,,,,Software Testing (CS-A),,,,,,,,,Human Computer Interaction (CS-F),,,,,,,,,Human Computer Interaction (CS-C),,,,,,,,,No Class (NO),,,,,,,,,Requirement Engineering (MS-SPM-B),,,,,,,,,,,,,,,,,,,,,,,,,,,,,,,,,,,,,,,
,CS-3,Technical & Business Writing (CS-C),,,,,,,,,Numerical Methods (CS-B),,,,,,,,,Computer Architecture (CS-B),,,,,,,,,Numerical Methods (CS-A),,,,,,,,,Computer Architecture (CS-A),,,,,,,,,Differential Equations (Cal II) (CS-F),,,,,,,,,Calculus-II (CS-R),,,,,,,,,,,,,,,,,,,,,,,,,,,,,,,,,,,,,,,
,CS-4,No Class (NO),,,,,,,,,No Class (NO),,,,,,,,,No Class (NO),,,,,,,,,Software for Mobile Devices (CS-A),,,,,,,,,No Class (NO),,,,,,,,,Software for Mobile Devices (CS-B),,,,,,,,,,,,,,,,,,,,,,,,,,,,,,,,,,,,,,,,,,,,,,,,
,CS-5,Mass Communication (CS),,,,,,,,,No Class (NO),,,,,,,,,No Class (NO),,,,,,,,,Comp. Org. & Assembly L. (CS-C),,,,,,,,,No Class (NO),,,,,,,,,Pakistan Studies (CS-B),,,,,,,,,,,,,,,,,,,,,,,,,,,,,,,,,,,,,,,,,,,,,,,,
,CS-6,Applied Physics (CS-H),,,,,,,,,Applied Physics (CS-G),,,,,,,,,Calculus and Ana. Geometry (CS-G),,,,,,,,,Calculus and Ana. Geometry (CS-H),,,,,,,,,Sociology (CS-B),,,,,,,,,Sociology (CS-A),,,,,,,,,,,,,,,,,,,,,,,,,,,,,,,,,,,,,,,,,,,,,,,,
,CS-7,Professional Issues in IT (CS-A),,,,,,,,,Professional Issues in IT (CS-B),,,,,,,,,Comp. Org. & Assembly L. (CS-A),,,,,,,,,Comp. Org. & Assembly L. (CS-B),,,,,,,,,French Language (CS-A),,,,,,,,,French Language (CS-B),,,,,,,,,,,,,,,,,,,,,,,,,,,,,,,,,,,,,,,,,,,,,,,,
,CS-8,Numerical Methods (CS-C),,,,,,,,,No Class (NO),,,,,,,,,Design & Analysis of Algorithms (CS-C),,,,,,,,,Design & Analysis of Algorithms (CS-D),,,,,,,,,,,,,,,,,,,,,,,,,,,,,,,,,,,,,,,,,,,,,,,,,,,,,,,,,,,,,,,,,,
,CS-9,Total Quality Management (CS),,,,,,,,,Database Systems (CS-A),,,,,,,,,Database Systems (CS-B),,,,,,,,,Design & Analysis of Algorithms (CS-E),,,,,,,,,Network Security (CS),,,,,,,,,Database Systems (CS-E),,,,,,,,,,,,,,,,,,,,,,,,,,,,,,,,,,,,,,,,,,,,,,,,
,CS-10,Digital Logic Design (CS-B) ,,,,,,,,,Database Systems (CS-C),,,,,,,,,Database Systems (CS-D),,,,,,,,,Fundamental of Computer Vision (CS-B),,,,,,,,,No Class (NO),,,,,,,,,Fundamental of Computer Vision (CS-A),,,,,,,,,,,,,,,,,,,,,,,,,,,,,,,,,,,,,,,,,,,,,,,,
,CS-11,Software for Mobile Devices (CS-D),,,,,,,,,Software for Mobile Devices (CS-C),,,,,,,,,Object Oriented  Analysis & Design (CS-A),,,,,,,,,No Class (NO),,,,,,,,,Object Oriented  Analysis & Design (CS-B),,,,,,,,,Differential Equations (CS-C),,,,,,,,,,,,,,,,,,,,,,,,,,,,,,,,,,,,,,,,,,,,,,,,
,CS-15,Arabic Language (CS),,,,,,,,,Digital Logic Design (CS-A) ,,,,,,,,,Digital Logic Design (CS-C) ,,,,,,,,,Differential Equations (CS-A),,,,,,,,,Psychology (CS),,,,,,,,,Differential Equations (CS-B),,,,,,,,,,,,,,,,,,,,,,,,,,,,,,,,,,,,,,,,,,,,,,,,
,CS-16,Technical & Business Writing (CS-A),,,,,,,,,Technical & Business Writing (CS-F),,,,,,,,,Communication & Presentation Skills   (CS-B1),,,,,,,,,,,No Class (NO),,,,,,,Communication & Presentation Skills   (CS-A1),,,,,,,,,,,,,,,,,,,,,,,,,,,,,,,,,,,,,,,,,,,,,,,,,,,,,,,,,
,Seminar Hall,Programming Fundamentals (CS-I),,,,,,,,,No Class (NO),,,,,,,,,Communication & Presentation Skills   (CS-B2),,,,,,,,,,,No Class (NO),,,,,,,Communication & Presentation Skills   (CS-A2),,,,,,,,,,,,,,,,,,,,,,,,,,,,,,,,,,,,,,,,,,,,,,,,,,,,,,,,,
,CE-2,No Class (NO),,,,,,,,,Theory of Automata (CS-A),,,,,,,,,Theory of Automata (CS-B),,,,,,,,,,,,,,,,,,,,,,,,,,,,,,,,,,,,,,,,,,,,,,,,,,,,,,,,,,,,,,,,,,,,,,,,,,,
,CE-3,No Class (NO),,,,,,,,,Differential Equations (Cal II) (CS-C),,,,,,,,,Differential Equations (Cal II) (CS-D),,,,,,,,,,,,,,,,,,,,,,,,,,,,,,,,,,,,,,,,,,,,,,,,,,,,,,,,,,,,,,,,,,,,,,,,,,,
,English Lab-I,Comm & Presentation Skills Lab (CS-C1),,,,,,,,,Comm & Presentation Skills Lab (CS-B1),,,,,,,,,Comm & Presentation Skills Lab (CS-H1),,,,,,,,,,,,,,,,,,,,,,,,,,,,,,,,,,,,,,,,,,,,,,,,,,,,,,,,,,,,,,,,,,,,,,,,,,,
,English Lab-II,Comm & Presentation Skills Lab (CS-C2),,,,,,,,,Comm & Presentation Skills Lab (CS-B2),,,,,,,,,Comm & Presentation Skills Lab (CS-H2),,,,,,,,,,,,,,,,,,,,,,,,,,,,,,,,,,,,,,,,,,,,,,,,,,,,,,,,,,,,,,,,,,,,,,,,,,,
,English Lab-III,No Class (NO),,,,,,,,,Comm & Presentation Skills Lab (CS-F1),,,,,,,,,,,,,,,,,,,,,,,,,,,,,,,,,,,,,,,,,,,,,,,,,,,,,,,,,,,,,,,,,,,,,,,,,,,,,,,,,,,,
,Lab(CS-8),,,,,,,,,,,,,,,,,,,,,,,,,,,,,,,,,,,,,,,,,,,,,,,,,,,,,,,,,,,,,,,,,,,,,,,,,,,,,,,,,,,,,,,,,,,,,,
,Lab(CS-1),"Object Oriented Programming Lab (CS-E1, CS-E2)",,,,,,,,,,,,,,,,,,"Object Oriented Programming Lab (CS-F1, CS-F2)",,,,,,,,,,,,,,,,,,"Object Oriented Programming Lab (CS-C1, CS-C2)",,,,,,,,,,,,,,,,,,,,,,,,,,,,,,,,,,,,,,,,,,,,,,,,,,,,,,,,,
,Lab(CS-4),,,,,,,,,,,,,,,,,,,,,,,,,,,,,,,,,,,,,,,,,,,,,,,,,,,,,,,,,,,,,,,,,,,,,,,,,,,,,,,,,,,,,,,,,,,,,,
,Lab(CS-6),"Object Oriented Analysis & Design Lab (CS-B1, CS-B2)",,,,,,,,,,,,,,,,,,No Class (NO),,,,,,,,,No Class (NO),,,,,,,,,"Programming Fundamentals Lab (CS-H1, CS-H2)",,,,,,,,,,,,,,,,,,,,,,,,,,,,,,,,,,,,,,,,,,,,,,,,,,,,,,,,,
,Lab(CS-9),,,,,,,,,,,,,,,,,,,,,,,,,,,,,,,,,,,,,,,,,,,,,,,,,,,,,,,,,,,,,,,,,,,,,,,,,,,,,,,,,,,,,,,,,,,,,,
,Lab(CS-10),No Class (NO),,,,,,,,,No Class (NO),,,,,,,,,No Class (NO),,,,,,,,,No Class (NO),,,,,,,,,"Object Oriented Programming Lab (CS-D1, CS-D2)",,,,,,,,,,,,,,,,,,,,,,,,,,,,,,,,,,,,,,,,,,,,,,,,,,,,,,,,,
,Physics Lab,Digital Logic Design Lab (CS-D1) ,,,,,,,,,,,,,,,,,,No Class (NO),,,,,,,,,No Class (NO),,,,,,,,,Digital Logic Design Lab (CS-E1) ,,,,,,,,,,,,,,,,,,,,,,,,,,,,,,,,,,,,,,,,,,,,,,,,,,,,,,,,,
,Micro Lab,Digital Logic Design Lab (CS-D2) ,,,,,,,,,,,,,,,,,,No Class (NO),,,,,,,,,No Class (NO),,,,,,,,,Digital Logic Design Lab (CS-E2) ,,,,,,,,,,,,,,,,,,,,,,,,,,,,,,,,,,,,,,,,,,,,,,,,,,,,,,,,,
,,,,,,,,,,,,,,,,,,,,,,,,,,,,,,,,,,,,,,,,,,,,,,,,,,,,,,,,,,,,,,,,,,,,,,,,,,,,,,,,,,,,,,,,,,,,,,,
 Tuesday,CS-1,No Class (NO),,,,,,,,,No Class (NO),,,,,,,,,Cloud Computing (MS),,,,,,,,,Theory of Automata - II (MS),,,,,,,,,Advanced Computer Architecture (MS),,,,,,,,,No Class (NO),,,,,,,,,Management & Organizational Behavior (MS-SPM),,,,,,,,,,,,,,,,,,,,,,,,,,,,,,,,,,,,,,,
,CS-2,Computer Networks (CS-B),,,,,,,,,Computer Networks (CS-A),,,,,,,,,Communication & Presentation Skills  (CS-C2),,,,,,,,,,,No Class (NO),,,,,,,Social Network Analysis (MS-DS),,,,,,,,,Technical & Business Writing (CS-B),,,,,,,,,English Composition (CS-R),,,,,,,,,,,,,,,,,,,,,,,,,,,,,,,,,,,,,,,
,CS-3,No Class (NO),,,,,,,,,Computer Programming (CS),,,,,,,,,Operating Systems (CS-C),,,,,,,,,Operating Systems (CS-D),,,,,,,,,Design & Analysis of Algorithms (CS-B),,,,,,,,,Enterprise Information System (CS),,,,,,,,,,,,,,,,,,,,,,,,,,,,,,,,,,,,,,,,,,,,,,,,
,CS-4,No Class (NO),,,,,,,,,Data Structures (CS-A),,,,,,,,,Data Structures (CS-B),,,,,,,,,Operating Systems (CS-E),,,,,,,,,Professional Issues in IT (CS-C),,,,,,,,,Philosophy (CS),,,,,,,,,,,,,,,,,,,,,,,,,,,,,,,,,,,,,,,,,,,,,,,,
,CS-5,Differential Equations (Cal II) (CS-A),,,,,,,,,Data Structures (CS-C),,,,,,,,,Differential Equations (Cal II) (CS-B),,,,,,,,,Operating Systems (CS-A),,,,,,,,,Operating Systems (CS-B),,,,,,,,,Organizational Behavior (CS),,,,,,,,,,,,,,,,,,,,,,,,,,,,,,,,,,,,,,,,,,,,,,,,
,CS-6,Technical & Business Writing (CS-E),,,,,,,,,Programming Fundamentals (CS-G),,,,,,,,,Programming Fundamentals (CS-H),,,,,,,,,Data Science (CS-A),,,,,,,,,Data Science (CS-B),,,,,,,,,Compiler Construction (CS),,,,,,,,,,,,,,,,,,,,,,,,,,,,,,,,,,,,,,,,,,,,,,,,
,CS-7,No Class (NO),,,,,,,,,No Class (NO),,,,,,,,,Design & Analysis of Algorithms (CS-A),,,,,,,,,Pakistan Studies (CS-D),,,,,,,,,Pakistan Studies (CS-C),,,,,,,,,Entrepreneurship (CS),,,,,,,,,,,,,,,,,,,,,,,,,,,,,,,,,,,,,,,,,,,,,,,,
,CS-8,Technical & Business Writing (CS-D),,,,,,,,,Web Programming (CS-A),,,,,,,,,Web Programming (CS-B),,,,,,,,,Digital Logic Design (CS-E) ,,,,,,,,,Digital Logic Design (CS-F) ,,,,,,,,,,,,Pakistan Studies (CS-F),,,,,,,,,,,,,,,,,,,,,,,,,,,,,,,,,,,,,,,,,,,,,
,CS-9,Software Testing (CS-B),,,,,,,,,Artificial Intelligence (CS-B),,,,,,,,,Advance Database Concepts (CS),,,,,,,,,Artificial Intelligence (CS-A),,,,,,,,,Object Oriented Programming (CS-B),,,,,,,,,Artificial Intelligence (CS-E),,,,,,,,,,,,,,,,,,,,,,,,,,,,,,,,,,,,,,,,,,,,,,,,
,CS-10,Artificial Intelligence (CS-C),,,,,,,,,Artificial Intelligence (CS-D),,,,,,,,,Numerical Methods (CS-D),,,,,,,,,Information Retrieval (CS),,,,,,,,,Human Computer Interaction (CS-D),,,,,,,,,Artificial Intelligence (CS-F),,,,,,,,,,,,,,,,,,,,,,,,,,,,,,,,,,,,,,,,,,,,,,,,
,CS-11,No Class (NO),,,,,,,,,No Class (NO),,,,,,,,,Object Oriented Programming (CS-A),,,,,,,,,Human Computer Interaction (CS-B),,,,,,,,,Human Computer Interaction (CS-A),,,,,,,,,,,,,,,,,,,,,,,,,,,,,,,,,,,,,,,,,,,,,,,,,,,,,,,,,
,CS-15,Pakistan Studies (CS-E),,,,,,,,,Software Engineering (CS-B),,,,,,,,,Software Engineering (CS-A),,,,,,,,,Digital Logic Design (CS-H) ,,,,,,,,,Digital Logic Design (CS-G) ,,,,,,,,,,,,,,,,,,,,,,,,,,,,,,,,,,,,,,,,,,,,,,,,,,,,,,,,,
,CS-16,Digital Logic Design (CS-D) ,,,,,,,,,No Class (NO),,,,,,,,,Communication & Presentation Skills  (CS-C1),,,,,,,,,,,No Class (NO),,,,,,,Communication & Presentation Skills (CS-D1),,,,,,,,,,,,,,,,,,,,,,,,,,,,,,,,,,,,,,,,,,,,,,,,,,,,,,,,,
,Seminar Hall,"Research Methodology (MS-A, MS-B)",,,,,,,,,No Class (NO),,,,,,,,,Programming Fundamentals (CS-I),,,,,,,,,Human Computer Interaction (CS-E),,,,,,,,,Communication & Presentation Skills  (CS-D2),,,,,,,,,,,,,,,,,,,,,,,,,,,,,,,,,,,,,,,,,,,,,,,,,,,,,,,,,
,CE-2,,,,,,,,,,,,,,,,,,,,,,,,,,,,,,,,,,,,,,,,,,,,,,,,,,,,,,,,,,,,,,,,,,,,,,,,,,,,,,,,,,,,,,,,,,,,,,
,CE-3,Pakistan Studies (CS-H),,,,,,,,,Differential Equations (Cal II) (CS-E),,,,,,,,,,,,,,,,,,,,,,,,,,,,,,,,,,,,,,,,,,,,,,,,,,,,,,,,,,,,,,,,,,,,,,,,,,,,,,,,,,,,
,English Lab-I,Comm & Presentation Skills Lab (CS-G1),,,,,,,,,Comm & Presentation Skills Lab (CS-D1),,,,,,,,,Comm & Presentation Skills Lab (CS-E1),,,,,,,,,Comm & Presentation Skills Lab (CS-A1),,,,,,,,,No Class (NO),,,,,,,,,,,,Comm & Presentation Skills Lab (CS-D2),,,,,,,,,,,,,,,,,,,,,,,,,,,,,,,,,,,,,,,,,,,,,
,English Lab-II,Comm & Presentation Skills Lab (CS-G2),,,,,,,,,No Class (NO),,,,,,,,,Comm & Presentation Skills Lab (CS-E2),,,,,,,,,Comm & Presentation Skills Lab (CS-A2),,,,,,,,,No Class (NO),,,,,,,,,,,,Comm & Presentation Skills Lab (CS-F2),,,,,,,,,,,,,,,,,,,,,,,,,,,,,,,,,,,,,,,,,,,,,
,English Lab-III,,,,,,,,,,,,,,,,,,,,,,,,,,,,,,,,,,,,,,,,,,,,,,,,,,,,,,,,,,,,,,,,,,,,,,,,,,,,,,,,,,,,,,,,,,,,,,
,Lab(CS-8),,,,,,,,,,,,,,,,,,,,,,,,,,,,,,,,,,,,,,,,,,,,,,,,,,,,,,,,,,,,,,,,,,,,,,,,,,,,,,,,,,,,,,,,,,,,,,
,Lab(CS-1),Database Systems Lab (CS-C1 & CS-C2),,,,,,,,,,,,,,,,,,Computer Programming Lab (CS-1),,,,,,,,,,,,,,,,,,"Object Oriented Programming Lab (CS-A1, CS-A2)",,,,,,,,,,,,,,,,,,,,,,,,,,,,,,,,,,,,,,,,,,,,,,,,,,,,,,,,,
,Lab(CS-4),No Class (NO),,,,,,,,,No Class (NO),,,,,,,,,No Class (NO),,,,,,,,,Design & Analysis of Algorithms (CS-F),,,,,,,,,,,,,,,,,,,,,,,,,,,,,,,,,,,,,,,,,,,,,,,,,,,,,,,,,,,,,,,,,,
,Lab(CS-6),Database Systems Lab (CS-D1 & CS-D2),,,,,,,,,,,,,,,,,,,,,,,,,,,,,,,,,,,,,,,,,,,,,,,,,,,,,,,,,,,,,,,,,,,,,,,,,,,,,,,,,,,,,,,,,,,,,
,Lab(CS-9),Operating Systems Lab (CS-A1 & CS-A2),,,,,,,,,,,,,,,,,,,,,,,,,,,,,,,,,,,,,,,,,,,,,,,,,,,,,,,,,,,,,,,,,,,,,,,,,,,,,,,,,,,,,,,,,,,,,
,Lab(CS-10),Operating Systems Lab (CS-B1 & CS-B2),,,,,,,,,,,,,,,,,,,,,,,,,,,,,,,,,,,,,,,,,,,,,,,,,,,,,,,,,,,,,,,,,,,,,,,,,,,,,,,,,,,,,,,,,,,,,
,Physics Lab,Digital Logic Design Lab (CS-F1) ,,,,,,,,,,,,,,,,,,Digital Logic Design Lab (CS-G2) ,,,,,,,,,,,,,,,,,,,,,,,,,,,,,,,,,,,,,,,,,,,,,,,,,,,,,,,,,,,,,,,,,,,,,,,,,,,
,Micro Lab,Digital Logic Design Lab (CS-F2) ,,,,,,,,,,,,,,,,,,,,,,,,,,,,,,,,,,,,,,,,,,,,,,,,,,,,,,,,,,,,,,,,,,,,,,,,,,,,,,,,,,,,,,,,,,,,,
,,,,,,,,,,,,,,,,,,,,,,,,,,,,,,,,,,,,,,,,,,,,,,,,,,,,,,,,,,,,,,,,,,,,,,,,,,,,,,,,,,,,,,,,,,,,,,,
Wednesday,CS-1,Machine Learning (MS-DS),,,,,,,,,Advanced Programming (CS),,,,,,,,,Computational Intelligence (MS),,,,,,,,,Data Sceince (MS),,,,,,,,,Natural Language Processing (MS),,,,,,,,,No Class (NO),,,,,,,,,Software Process Management and Metrics (MS-SPM),,,,,,,,,,,,,,,,,,,,,,,,,,,,,,,,,,,,,,,
,CS-2,Advance Computer Networks (MS),,,,,,,,,No Class (NO),,,,,,,,,Software Testing (CS-A),,,,,,,,,Human Computer Interaction (CS-F),,,,,,,,,Human Computer Interaction (CS-C),,,,,,,,,,,,,,,,,,,,,,,,,,,,,,,,,,,,,,,,,,,,,,,,,,,,,,,,,
,CS-3,Technical & Business Writing (CS-C),,,,,,,,,Numerical Methods (CS-B),,,,,,,,,Computer Architecture (CS-B),,,,,,,,,Numerical Methods (CS-A),,,,,,,,,Computer Architecture (CS-A),,,,,,,,,Differential Equations (Cal II) (CS-F),,,,,,,,,Calculus-II (CS-R),,,,,,,,,,,,,,,,,,,,,,,,,,,,,,,,,,,,,,,
,CS-4,No Class (NO),,,,,,,,,Object Oriented Programming (CS-F),,,,,,,,,Object Oriented Programming (CS-E),,,,,,,,,Software for Mobile Devices (CS-A),,,,,,,,,No Class (NO),,,,,,,,,Software for Mobile Devices (CS-B),,,,,,,,,,,,,,,,,,,,,,,,,,,,,,,,,,,,,,,,,,,,,,,,
,CS-5,Mass Communication (CS),,,,,,,,,Object Oriented Programming (CS-C),,,,,,,,,Object Oriented Programming (CS-D),,,,,,,,,Comp. Org. & Assembly L. (CS-C),,,,,,,,,No Class (NO),,,,,,,,,Pakistan Studies (CS-B),,,,,,,,,,,,,,,,,,,,,,,,,,,,,,,,,,,,,,,,,,,,,,,,
,CS-6,Applied Physics (CS-H),,,,,,,,,Applied Physics (CS-G),,,,,,,,,Calculus and Ana. Geometry (CS-G),,,,,,,,,Calculus and Ana. Geometry (CS-H),,,,,,,,,Sociology (CS-B),,,,,,,,,Sociology (CS-A),,,,,,,,,,,,,,,,,,,,,,,,,,,,,,,,,,,,,,,,,,,,,,,,
,CS-7,Professional Issues in IT (CS-A),,,,,,,,,Professional Issues in IT (CS-B),,,,,,,,,Comp. Org. & Assembly L. (CS-A),,,,,,,,,Comp. Org. & Assembly L. (CS-B),,,,,,,,,French Language (CS-A),,,,,,,,,French Language (CS-B),,,,,,,,,,,,,,,,,,,,,,,,,,,,,,,,,,,,,,,,,,,,,,,,
,CS-8,Numerical Methods (CS-C),,,,,,,,,No Class (NO),,,,,,,,,Design & Analysis of Algorithms (CS-C),,,,,,,,,Design & Analysis of Algorithms (CS-D),,,,,,,,,,,,,,,,,,,,,,,,,,,,,,,,,,,,,,,,,,,,,,,,,,,,,,,,,,,,,,,,,,
,CS-9,No Class (NO),,,,,,,,,Database Systems (CS-A),,,,,,,,,Database Systems (CS-B),,,,,,,,,Design & Analysis of Algorithms (CS-E),,,,,,,,,Network Security (CS),,,,,,,,,Database Systems (CS-E),,,,,,,,,,,,,,,,,,,,,,,,,,,,,,,,,,,,,,,,,,,,,,,,
,CS-10,Digital Logic Design (CS-B) ,,,,,,,,,Database Systems (CS-C),,,,,,,,,Database Systems (CS-D),,,,,,,,,Fundamental of Computer Vision (CS-B),,,,,,,,,No Class (NO),,,,,,,,,Fundamental of Computer Vision (CS-A),,,,,,,,,,,,,,,,,,,,,,,,,,,,,,,,,,,,,,,,,,,,,,,,
,CS-11,Software for Mobile Devices (CS-D),,,,,,,,,Software for Mobile Devices (CS-C),,,,,,,,,Object Oriented  Analysis & Design (CS-A),,,,,,,,,No Class (NO),,,,,,,,,Object Oriented  Analysis & Design (CS-B),,,,,,,,,Differential Equations (CS-C),,,,,,,,,,,,,,,,,,,,,,,,,,,,,,,,,,,,,,,,,,,,,,,,
,CS-15,Arabic Language (CS),,,,,,,,,Digital Logic Design (CS-A) ,,,,,,,,,Digital Logic Design (CS-C) ,,,,,,,,,Differential Equations (CS-A),,,,,,,,,Psychology (CS),,,,,,,,,Differential Equations (CS-B),,,,,,,,,,,,,,,,,,,,,,,,,,,,,,,,,,,,,,,,,,,,,,,,
,CS-16,Technical & Business Writing (CS-A),,,,,,,,,Technical & Business Writing (CS-F),,,,,,,,,Communication & Presentation Skills  (CS-F1),,,,,,,,,,,No Class (NO),,,,,,,Communication & Presentation Skills  (CS-H1),,,,,,,,,,,,,,,,,,,,,,,,,,,,,,,,,,,,,,,,,,,,,,,,,,,,,,,,,
,Seminar Hall,No Class (NO),,,,,,,,,No Class (NO),,,,,,,,,Communication & Presentation Skills  (CS-F2),,,,,,,,,,,No Class (NO),,,,,,,Communication & Presentation Skills  (CS-H2),,,,,,,,,,,,,,,,,,,,,,,,,,,,,,,,,,,,,,,,,,,,,,,,,,,,,,,,,
,CE-2,Pakistan Studies (CS-G),,,,,,,,,Theory of Automata (CS-A),,,,,,,,,Theory of Automata (CS-B),,,,,,,,,,,,,,,,,,,,,,,,,,,,,,,,,,,,,,,,,,,,,,,,,,,,,,,,,,,,,,,,,,,,,,,,,,,
,CE-3,Pakistan Studies (CS-A),,,,,,,,,No Class (NO),,,,,,,,,Modern Politics & Government (CS),,,,,,,,,,,,,,,,,,,,,,,,,,,,,,,,,,,,,,,,,,,,,,,,,,,,,,,,,,,,,,,,,,,,,,,,,,,
,English Lab-I,Comm & Presentation Skills Lab (CS-C1),,,,,,,,,No Class (NO),,,,,,,,,Comm & Presentation Skills Lab (CS-H1),,,,,,,,,No Class (NO),,,,,,,,,Comm & Presentation Skills Lab (CS-B1),,,,,,,,,,,,,,,,,,,,,,,,,,,,,,,,,,,,,,,,,,,,,,,,,,,,,,,,,
,English Lab-II,Comm & Presentation Skills Lab (CS-C2),,,,,,,,,No Class (NO),,,,,,,,,Comm & Presentation Skills Lab (CS-H2),,,,,,,,,No Class (NO),,,,,,,,,Comm & Presentation Skills Lab (CS-B2),,,,,,,,,,,,,,,,,,,,,,,,,,,,,,,,,,,,,,,,,,,,,,,,,,,,,,,,,
,English Lab-III,,,,,,,,,,,,,,,,,,,,,,,,,,,,,,,,,,,,,,,,,,,,,,,,,,,,,,,,,,,,,,,,,,,,,,,,,,,,,,,,,,,,,,,,,,,,,,
,Lab(CS-8),,,,,,,,,,,,,,,,,,,,,,,,,,,,,,,,,,,,,,,,,,,,,,,,,,,,,,,,,,,,,,,,,,,,,,,,,,,,,,,,,,,,,,,,,,,,,,
,Lab(CS-1),No Class (NO),,,,,,,,,No Class (NO),,,,,,,,,"Object Oriented Programming Lab (CS-B1, CS-B2)",,,,,,,,,,,,,,,,,,"Programming Fundamentals Lab (CS-G1, CS-G2)",,,,,,,,,,,,,,,,,,,,,,,,,,,,,,,,,,,,,,,,,,,,,,,,,,,,,,,,,
,Lab(CS-4),,,,,,,,,,,,,,,,,,,,,,,,,,,,,,,,,,,,,,,,,,,,,,,,,,,,,,,,,,,,,,,,,,,,,,,,,,,,,,,,,,,,,,,,,,,,,,
,Lab(CS-6),,,,,,,,,,,,,,,,,,,,,,,,,,,,,,,,,,,,,,,,,,,,,,,,,,,,,,,,,,,,,,,,,,,,,,,,,,,,,,,,,,,,,,,,,,,,,,
,Lab(CS-9),,,,,,,,,,,,,,,,,,,,,,,,,,,,,,,,,,,,,,,,,,,,,,,,,,,,,,,,,,,,,,,,,,,,,,,,,,,,,,,,,,,,,,,,,,,,,,
,Lab(CS-10),,,,,,,,,,,,,,,,,,,,,,,,,,,,,,,,,,,,,,,,,,,,,,,,,,,,,,,,,,,,,,,,,,,,,,,,,,,,,,,,,,,,,,,,,,,,,,
,Physics Lab,No Class (NO),,,,,,,,,No Class (NO),,,,,,,,,Digital Logic Design Lab (CS-A1) ,,,,,,,,,,,,,,,,,,Digital Logic Design Lab (CS-C1) ,,,,,,,,,,,,,,,,,,,,,,,,,,,,,,,,,,,,,,,,,,,,,,,,,,,,,,,,,
,Micro Lab,,,,,,,,,,,,,,,,,,,,,,,,,,,,,,,,,,,,,,,,,,,,,,,,,,,,,,,,,,,,,,,,,,,,,,,,,,,,,,,,,,,,,,,,,,,,,,
,,,,,,,,,,,,,,,,,,,,,,,,,,,,,,,,,,,,,,,,,,,,,,,,,,,,,,,,,,,,,,,,,,,,,,,,,,,,,,,,,,,,,,,,,,,,,,,
Thursday,CS-1,No Class (NO),,,,,,,,,Cloud Computing (MS),,,,,,,,,Digital Image Processing (CS),,,,,,,,,Theory of Automata - II (MS),,,,,,,,,Advanced Computer Architecture (MS),,,,,,,,,No Class (NO),,,,,,,,,Requirement Engineering (MS-SPM-A),,,,,,,,,,,,,,,,,,,,,,,,,,,,,,,,,,,,,,,
,CS-2,Computer Networks (CS-B),,,,,,,,,Computer Networks (CS-A),,,,,,,,,Communication & Presentation Skills  (CS-G2),,,,,,,,,,,No Class (NO),,,,,,,Social Network Analysis (MS-DS),,,,,,,,,Technical & Business Writing (CS-B),,,,,,,,,English Composition (CS-R),,,,,,,,,,,,,,,,,,,,,,,,,,,,,,,,,,,,,,,
,CS-3,No Class (NO),,,,,,,,,Computer Programming (CS),,,,,,,,,Operating Systems (CS-C),,,,,,,,,Operating Systems (CS-D),,,,,,,,,Design & Analysis of Algorithms (CS-B),,,,,,,,,Enterprise Information System (CS),,,,,,,,,,,,,,,,,,,,,,,,,,,,,,,,,,,,,,,,,,,,,,,,
,CS-4,No Class (NO),,,,,,,,,Data Structures (CS-A),,,,,,,,,Data Structures (CS-B),,,,,,,,,Operating Systems (CS-E),,,,,,,,,Professional Issues in IT (CS-C),,,,,,,,,Philosophy (CS),,,,,,,,,,,,,,,,,,,,,,,,,,,,,,,,,,,,,,,,,,,,,,,,
,CS-5,Differential Equations (Cal II) (CS-A),,,,,,,,,Data Structures (CS-C),,,,,,,,,Differential Equations (Cal II) (CS-B),,,,,,,,,Operating Systems (CS-A),,,,,,,,,Operating Systems (CS-B),,,,,,,,,Organizational Behavior (CS),,,,,,,,,,,,,,,,,,,,,,,,,,,,,,,,,,,,,,,,,,,,,,,,
,CS-6,Technical & Business Writing (CS-E),,,,,,,,,Programming Fundamentals (CS-G),,,,,,,,,Programming Fundamentals (CS-H),,,,,,,,,Data Science (CS-A),,,,,,,,,Data Science (CS-B),,,,,,,,,Compiler Construction (CS),,,,,,,,,,,,,,,,,,,,,,,,,,,,,,,,,,,,,,,,,,,,,,,,
,CS-7,No Class (NO),,,,,,,,,No Class (NO),,,,,,,,,Design & Analysis of Algorithms (CS-A),,,,,,,,,Pakistan Studies (CS-D),,,,,,,,,Pakistan Studies (CS-C),,,,,,,,,Entrepreneurship (CS),,,,,,,,,,,,,,,,,,,,,,,,,,,,,,,,,,,,,,,,,,,,,,,,
,CS-8,Technical & Business Writing (CS-D),,,,,,,,,Web Programming (CS-A),,,,,,,,,Web Programming (CS-B),,,,,,,,,Digital Logic Design (CS-E) ,,,,,,,,,Digital Logic Design (CS-F) ,,,,,,,,,Pakistan Studies (CS-F),,,,,,,,,,,,,,,,,,,,,,,,,,,,,,,,,,,,,,,,,,,,,,,,
,CS-9,Software Testing (CS-B),,,,,,,,,Artificial Intelligence (CS-B),,,,,,,,,Advance Database Concepts (CS),,,,,,,,,Artificial Intelligence (CS-A),,,,,,,,,Object Oriented Programming (CS-B),,,,,,,,,Artificial Intelligence (CS-E),,,,,,,,,,,,,,,,,,,,,,,,,,,,,,,,,,,,,,,,,,,,,,,,
,CS-10,Artificial Intelligence (CS-C),,,,,,,,,Artificial Intelligence (CS-D),,,,,,,,,Numerical Methods (CS-D),,,,,,,,,Information Retrieval (CS),,,,,,,,,Human Computer Interaction (CS-D),,,,,,,,,Artificial Intelligence (CS-F),,,,,,,,,,,,,,,,,,,,,,,,,,,,,,,,,,,,,,,,,,,,,,,,
,CS-11,No Class (NO),,,,,,,,,No Class (NO),,,,,,,,,Object Oriented Programming (CS-A),,,,,,,,,Human Computer Interaction (CS-B),,,,,,,,,Human Computer Interaction (CS-A),,,,,,,,,,,,,,,,,,,,,,,,,,,,,,,,,,,,,,,,,,,,,,,,,,,,,,,,,
,CS-15,Pakistan Studies (CS-E),,,,,,,,,Software Engineering (CS-B),,,,,,,,,Software Engineering (CS-A),,,,,,,,,Digital Logic Design (CS-H) ,,,,,,,,,Digital Logic Design (CS-G) ,,,,,,,,,,,,,,,,,,,,,,,,,,,,,,,,,,,,,,,,,,,,,,,,,,,,,,,,,
,CS-16,Digital Logic Design (CS-D) ,,,,,,,,,No Class (NO),,,,,,,,,Communication & Presentation Skills (CS-G1),,,,,,,,,,,No Class (NO),,,,,,,Communication & Presentation Skills  (CS-E1),,,,,,,,,,,,,,,,,,,,,,,,,,,,,,,,,,,,,,,,,,,,,,,,,,,,,,,,,
,Seminar Hall,No Class (NO),,,,,,,,,No Class (NO),,,,,,,,,No Class (NO),,,,,,,,,Human Computer Interaction (CS-E),,,,,,,,,Communication & Presentation Skills  (CS-E2),,,,,,,,,,,,,,,,,,,,,,,,,,,,,,,,,,,,,,,,,,,,,,,,,,,,,,,,,
,CE-2,,,,,,,,,,,,,,,,,,,,,,,,,,,,,,,,,,,,,,,,,,,,,,,,,,,,,,,,,,,,,,,,,,,,,,,,,,,,,,,,,,,,,,,,,,,,,,
,CE-3,Pakistan Studies (CS-H),,,,,,,,,Differential Equations (Cal II) (CS-C),,,,,,,,,Differential Equations (Cal II) (CS-D),,,,,,,,,,,,,,,,,,,,,,,,,,,,,,,,,,,,,,,,,,,,,,,,,,,,,,,,,,,,,,,,,,,,,,,,,,,
,English Lab-I,Comm & Presentation Skills Lab (CS-G1),,,,,,,,,Comm & Presentation Skills Lab (CS-D1),,,,,,,,,Comm & Presentation Skills Lab (CS-E1),,,,,,,,,No Class (NO),,,,,,,,,Comm & Presentation Skills Lab (CS-D2),,,,,,,,,,,,,,,,,,,,,,,,,,,,,,,,,,,,,,,,,,,,,,,,,,,,,,,,,
,English Lab-II,Comm & Presentation Skills Lab (CS-G2),,,,,,,,,No Class (NO),,,,,,,,,Comm & Presentation Skills Lab (CS-E2),,,,,,,,,,,,,,,,,,,,,,,,,,,,,,,,,,,,,,,,,,,,,,,,,,,,,,,,,,,,,,,,,,,,,,,,,,,
,English Lab-III,,,,,,,,,,,,,,,,,,,,,,,,,,,,,,,,,,,,,,,,,,,,,,,,,,,,,,,,,,,,,,,,,,,,,,,,,,,,,,,,,,,,,,,,,,,,,,
,Lab(CS-8),,,,,,,,,,,,,,,,,,,,,,,,,,,,,,,,,,,,,,,,,,,,,,,,,,,,,,,,,,,,,,,,,,,,,,,,,,,,,,,,,,,,,,,,,,,,,,
,Lab(CS-1),Database Systems Lab (CS-A1 & CS-A2),,,,,,,,,,,,,,,,,,,,,,,,,,,,,,,,,,,,,,,,,,,,,,,,,,,,,,,,,,,,,,,,,,,,,,,,,,,,,,,,,,,,,,,,,,,,,
,Lab(CS-4),No Class (NO),,,,,,,,,No Class (NO),,,,,,,,,No Class (NO),,,,,,,,,Design & Analysis of Algorithms (CS-F),,,,,,,,,,,,,,,,,,,,,,,,,,,,,,,,,,,,,,,,,,,,,,,,,,,,,,,,,,,,,,,,,,
,Lab(CS-6),Database Systems Lab (CS-B1 & CS-B2),,,,,,,,,,,,,,,,,,,,,,,,,,,,,,,,,,,,,,,,,,,,,,,,,,,,,,,,,,,,,,,,,,,,,,,,,,,,,,,,,,,,,,,,,,,,,
,Lab(CS-9),Operating Systems Lab (CS-C1 & CS-C2),,,,,,,,,,,,,,,,,,,,,,,,,,,,,,,,,,,,,,,,,,,,,,,,,,,,,,,,,,,,,,,,,,,,,,,,,,,,,,,,,,,,,,,,,,,,,
,Lab(CS-10),Operating Systems Lab (CS-D1 & CS-D2),,,,,,,,,,,,,,,,,,,,,,,,,,,,,,,,,,,,,,,,,,,,,,,,,,,,,,,,,,,,,,,,,,,,,,,,,,,,,,,,,,,,,,,,,,,,,
,Physics Lab,Digital Logic Design Lab (CS-B1) ,,,,,,,,,,,,,,,,,,Digital Logic Design Lab (CS-C2) ,,,,,,,,,,,,,,,,,,Digital Logic Design Lab (CS-A2) ,,,,,,,,,,,,,,,,,,,,,,,,,,,,,,,,,,,,,,,,,,,,,,,,,,,,,,,,,
,Micro Lab,Digital Logic Design Lab (CS-B2) ,,,,,,,,,,,,,,,,,,,,,,,,,,,,,,,,,,,,,,,,,,,,,,,,,,,,,,,,,,,,,,,,,,,,,,,,,,,,,,,,,,,,,,,,,,,,,
,,,,,,,,,,,,,,,,,,,,,,,,,,,,,,,,,,,,,,,,,,,,,,,,,,,,,,,,,,,,,,,,,,,,,,,,,,,,,,,,,,,,,,,,,,,,,,,
Friday,CS-1,No Class (NO),,,,,,,,,No Class (NO),,,,,,,,,Digital Image Processing (CS),,,,,,,,No Class (NO),,,,,,,,,,Natural Language Processing (MS),,,,,,,,,No Class (NO),,,,,,,,,Human Resource Management (MS-SPM),,,,,,,,,,,,,,,,,,,,,,,,,,,,,,,,,,,,,,,
,CS-2,No Class (NO),,,,,,,,,Advance Operating Systems (MS),,,,,,,,,,,,,,,,,No Class (NO),,,,,,,,,,No Class (NO),,,,,,,,,No Class (NO),,,,,,,,,Software QA & Management (MS-SPM),,,,,,,,,,,,,,,,,,,,,,,,,,,,,,,,,,,,,,,
,CS-3,,,,,,,,,,,,,,,,,,,,,,,,,,,,,,,,,,,,,,,,,,,,,,,,,,,,,,,,,,,,,,,,,,,,,,,,,,,,,,,,,,,,,,,,,,,,,,
,CS-4,No Class (NO),,,,,,,,,Object Oriented Programming (CS-F),,,,,,,,,Object Oriented Programming (CS-E),,,,,,,,,,,,,,,,,,,,,,,,,,,,,,,,,,,,,,,,,,,,,,,,,,,,,,,,,,,,,,,,,,,,,,,,,,,
,CS-5,No Class (NO),,,,,,,,,Object Oriented Programming (CS-C),,,,,,,,,Object Oriented Programming (CS-D),,,,,,,,,,,,,,,,,,,,,,,,,,,,,,,,,,,,,,,,,,,,,,,,,,,,,,,,,,,,,,,,,,,,,,,,,,,
,CS-6,,,,,,,,,,,,,,,,,,,,,,,,,,,,,,,,,,,,,,,,,,,,,,,,,,,,,,,,,,,,,,,,,,,,,,,,,,,,,,,,,,,,,,,,,,,,,,
,CS-7,,,,,,,,,,,,,,,,,,,,,,,,,,,,,,,,,,,,,,,,,,,,,,,,,,,,,,,,,,,,,,,,,,,,,,,,,,,,,,,,,,,,,,,,,,,,,,
,CS-8,,,,,,,,,,,,,,,,,,,,,,,,,,,,,,,,,,,,,,,,,,,,,,,,,,,,,,,,,,,,,,,,,,,,,,,,,,,,,,,,,,,,,,,,,,,,,,
,CS-9,Total Quality Management (CS),,,,,,,,,,,,,,,,,,,,,,,,,,,,,,,,,,,,,,,,,,,,,,,,,,,,,,,,,,,,,,,,,,,,,,,,,,,,,,,,,,,,,,,,,,,,,
,CS-10,Big Data Analytics / Mining Massive Datasets (MS-DS),,,,,,,,,,,,,,,,,,,,,,,,,,,,,,,,,,,,,,,,,,,,,,,,,,,,,,,,,,,,,,,,,,,,,,,,,,,,,,,,,,,,,,,,,,,,,
,CS-11,,,,,,,,,,,,,,,,,,,,,,,,,,,,,,,,,,,,,,,,,,,,,,,,,,,,,,,,,,,,,,,,,,,,,,,,,,,,,,,,,,,,,,,,,,,,,,
,CS-15,Research Project - I / II (MS-SPM),,,,,,,,,,,,,,,,,,,,,,,,,,,,,,,,,,,,,,,,,,,,,,,,,,,,,,,,,,,,,,,,,,,,,,,,,,,,,,,,,,,,,,,,,,,,,
,CS-16,,,,,,,,,,,,,,,,,,,,,,,,,,,,,,,,,,,,,,,,,,,,,,,,,,,,,,,,,,,,,,,,,,,,,,,,,,,,,,,,,,,,,,,,,,,,,,
,Seminar Hall,,,,,,,,,,,,,,,,,,,,,,,,,,,,,,,,,,,,,,,,,,,,,,,,,,,,,,,,,,,,,,,,,,,,,,,,,,,,,,,,,,,,,,,,,,,,,,
,CE-2,Pakistan Studies (CS-G),,,,,,,,,,,,,,,,,,,,,,,,,,No Class (NO),,,,,,,,,,,,,,,,,,,,,,,,,,,,,,,,,,,,,,,,,,,,,,,,,,,,,,,,,,,,,,,,,,,
,CE-3,Pakistan Studies (CS-A),,,,,,,,,Differential Equations (Cal II) (CS-E),,,,,,,,,Modern Politics & Government (CS),,,,,,,,No Class (NO),,,,,,,,,,,,,,,,,,,,,,,,,,,,,,,,,,,,,,,,,,,,,,,,,,,,,,,,,,,,,,,,,,,
,English Lab-I,Comm & Presentation Skills Lab (CS-F1),,,,,,,,,No Class (NO),,,,,,,,,Comm & Presentation Skills Lab (CS-A1),,,,,,,,No Class (NO),,,,,,,,,,,,,,,,,,,,,,,,,,,,,,,,,,,,,,,,,,,,,,,,,,,,,,,,,,,,,,,,,,,
,English Lab-II,Comm & Presentation Skills Lab (CS-F2),,,,,,,,,No Class (NO),,,,,,,,,Comm & Presentation Skills Lab (CS-A2),,,,,,,,No Class (NO),,,,,,,,,,,,,,,,,,,,,,,,,,,,,,,,,,,,,,,,,,,,,,,,,,,,,,,,,,,,,,,,,,,
,English Lab-III,,,,,,,,,,,,,,,,,,,,,,,,,,,,,,,,,,,,,,,,,,,,,,,,,,,,,,,,,,,,,,,,,,,,,,,,,,,,,,,,,,,,,,,,,,,,,,
,Lab(CS-8),No Class (NO),,,,,,,,,No Class (NO),,,,,,,,,No Class (NO),,,,,,,,No Class (NO),,,,,,,,,,Computer Programming Lab (CS-2),,,,,,,,,,,,,,,,,,,,,,,,,,,,,,,,,,,,,,,,,,,,,,,,,,,,,,,,,
,Lab(CS-1),No Class (NO),,,,,,,,,Computer Networks Lab (CS-A1 & CS-A2),,,,,,,,,,,,,,,,,No Class (NO),,,,,,,,,,Database Systems Lab (CS-E1 & CS-E2),,,,,,,,,,,,,,,,,,,,,,,,,,,,,,,,,,,,,,,,,,,,,,,,,,,,,,,,,
,Lab(CS-4),No Class (NO),,,,,,,,,"Comp. Org. & Assembly Lang.  Lab (CS-C1, CS-C2)",,,,,,,,,,,,,,,,,No Class (NO),,,,,,,,,,"Comp. Org. & Assembly Lang.  Lab (CS-A1, CS-A2)",,,,,,,,,,,,,,,,,,,,,,,,,,,,,,,,,,,,,,,,,,,,,,,,,,,,,,,,,
,Lab(CS-6),No Class (NO),,,,,,,,,No Class (NO),,,,,,,,,No Class (NO),,,,,,,,No Class (NO),,,,,,,,,,Programming Fundamentals Lab (CS-I1),,,,,,,,,,,,,,,,,,,,,,,,,,,,,,,,,,,,,,,,,,,,,,,,,,,,,,,,,
,Lab(CS-9),No Class (NO),,,,,,,,,Operating Systems Lab (CS-E1 & CS-E2),,,,,,,,,,,,,,,,,No Class (NO),,,,,,,,,,"Comp. Org. & Assembly Lang.  Lab (CS-B1, CS-B2)",,,,,,,,,,,,,,,,,,,,,,,,,,,,,,,,,,,,,,,,,,,,,,,,,,,,,,,,,
,Lab(CS-10),No Class (NO),,,,,,,,,"Object Oriented Analysis & Design Lab (CS-A1, CS-A2)",,,,,,,,,,,,,,,,,No Class (NO),,,,,,,,,,Computer Networks Lab (CS-B1 & CS-B2),,,,,,,,,,,,,,,,,,,,,,,,,,,,,,,,,,,,,,,,,,,,,,,,,,,,,,,,,
,Physics Lab,No Class (NO),,,,,,,,,Digital Logic Design Lab (CS-H1) ,,,,,,,,,,,,,,,,,No Class (NO),,,,,,,,,,Digital Logic Design Lab (CS-G1) ,,,,,,,,,,,,,,,,,,,,,,,,,,,,,,,,,,,,,,,,,,,,,,,,,,,,,,,,,
,Micro Lab,No Class (NO),,,,,,,,,Digital Logic Design Lab (CS-H2) ,,,,,,,,,,,,,,,,,,,,,,,,,,,,,,,,,,,,,,,,,,,,,,,,,,,,,,,,,,,,,,,,,,,,,,,,,,,,,,,,,,,,